case_id,activity,timestamp,lifecycle,resource,priority,decision,decision_time,activity_priority,system_time
Chamadas_0,Arrival,0.0,complete,,0.0,,,,
Chamadas_0,DecideTronco_Atender,0.0,complete,,,Atender,0.0,,
Chamadas_0,Atendimento,0.0,start,Troncos,0.0,,,,
Chamadas_0,Atendimento,0.227906286742828,complete,Troncos,0.0,,,,
Chamadas_0,Discharge,0.227906286742828,complete,,,,,,0.227906286742828
Chamadas_1,Arrival,0.003585626226019517,complete,,0.0,,,,
Chamadas_1,DecideTronco_Atender,0.003585626226019517,complete,,,Atender,0.003585626226019517,,
Chamadas_1,Atendimento,0.003585626226019517,start,Troncos,0.0,,,,
Chamadas_1,Atendimento,0.8111118364297829,complete,Troncos,0.0,,,,
Chamadas_1,Discharge,0.8111118364297829,complete,,,,,,0.8075262102037634
Chamadas_10,Arrival,0.5460800192590536,complete,,0.0,,,,
Chamadas_10,DecideTronco_Atender,0.5460800192590536,complete,,,Atender,0.5460800192590536,,
Chamadas_10,Atendimento,0.5460800192590536,start,Troncos,0.0,,,,
Chamadas_10,Atendimento,0.6107985509092493,complete,Troncos,0.0,,,,
Chamadas_10,Discharge,0.6107985509092493,complete,,,,,,0.0647185316501957
Chamadas_100,Arrival,7.0430042604135235,complete,,0.0,,,,
Chamadas_100,DecideTronco_Atender,7.0430042604135235,complete,,,Atender,7.0430042604135235,,
Chamadas_100,Atendimento,7.0430042604135235,start,Troncos,0.0,,,,
Chamadas_100,Atendimento,7.43941023380008,complete,Troncos,0.0,,,,
Chamadas_100,Discharge,7.43941023380008,complete,,,,,,0.3964059733865568
Chamadas_101,Arrival,7.048764096117489,complete,,0.0,,,,
Chamadas_101,DecideTronco_Perdida,7.048764096117489,complete,,,Perdida,7.048764096117489,,
Chamadas_101,Discharge,7.048764096117489,complete,,,,,,0.0
Chamadas_102,Arrival,7.057753634570895,complete,,0.0,,,,
Chamadas_102,DecideTronco_Perdida,7.057753634570895,complete,,,Perdida,7.057753634570895,,
Chamadas_102,Discharge,7.057753634570895,complete,,,,,,0.0
Chamadas_103,Arrival,7.18483425825208,complete,,0.0,,,,
Chamadas_103,DecideTronco_Perdida,7.18483425825208,complete,,,Perdida,7.18483425825208,,
Chamadas_103,Discharge,7.18483425825208,complete,,,,,,0.0
Chamadas_104,Arrival,7.288508211423984,complete,,0.0,,,,
Chamadas_104,DecideTronco_Atender,7.288508211423984,complete,,,Atender,7.288508211423984,,
Chamadas_104,Atendimento,7.288508211423984,start,Troncos,0.0,,,,
Chamadas_104,Atendimento,7.411462304310489,complete,Troncos,0.0,,,,
Chamadas_104,Discharge,7.411462304310489,complete,,,,,,0.12295409288650472
Chamadas_105,Arrival,7.329292422403263,complete,,0.0,,,,
Chamadas_105,DecideTronco_Atender,7.329292422403263,complete,,,Atender,7.329292422403263,,
Chamadas_105,Atendimento,7.329292422403263,start,Troncos,0.0,,,,
Chamadas_105,Atendimento,13.579923412835434,complete,Troncos,0.0,,,,
Chamadas_105,Discharge,13.579923412835434,complete,,,,,,6.250630990432171
Chamadas_106,Arrival,7.335600855723108,complete,,0.0,,,,
Chamadas_106,DecideTronco_Perdida,7.335600855723108,complete,,,Perdida,7.335600855723108,,
Chamadas_106,Discharge,7.335600855723108,complete,,,,,,0.0
Chamadas_107,Arrival,7.449809929460756,complete,,0.0,,,,
Chamadas_107,DecideTronco_Atender,7.449809929460756,complete,,,Atender,7.449809929460756,,
Chamadas_107,Atendimento,7.449809929460756,start,Troncos,0.0,,,,
Chamadas_107,Atendimento,10.541725391662306,complete,Troncos,0.0,,,,
Chamadas_107,Discharge,10.541725391662306,complete,,,,,,3.09191546220155
Chamadas_108,Arrival,7.450449081491381,complete,,0.0,,,,
Chamadas_108,DecideTronco_Atender,7.450449081491381,complete,,,Atender,7.450449081491381,,
Chamadas_108,Atendimento,7.450449081491381,start,Troncos,0.0,,,,
Chamadas_108,Atendimento,12.6250620905777,complete,Troncos,0.0,,,,
Chamadas_108,Discharge,12.6250620905777,complete,,,,,,5.174613009086319
Chamadas_109,Arrival,7.562817161857582,complete,,0.0,,,,
Chamadas_109,DecideTronco_Atender,7.562817161857582,complete,,,Atender,7.562817161857582,,
Chamadas_109,Atendimento,7.562817161857582,start,Troncos,0.0,,,,
Chamadas_109,Atendimento,10.479864970714665,complete,Troncos,0.0,,,,
Chamadas_109,Discharge,10.479864970714665,complete,,,,,,2.917047808857083
Chamadas_11,Arrival,0.5904665229187765,complete,,0.0,,,,
Chamadas_11,DecideTronco_Perdida,0.5904665229187765,complete,,,Perdida,0.5904665229187765,,
Chamadas_11,Discharge,0.5904665229187765,complete,,,,,,0.0
Chamadas_110,Arrival,7.667698517012599,complete,,0.0,,,,
Chamadas_110,DecideTronco_Perdida,7.667698517012599,complete,,,Perdida,7.667698517012599,,
Chamadas_110,Discharge,7.667698517012599,complete,,,,,,0.0
Chamadas_111,Arrival,7.798581437580425,complete,,0.0,,,,
Chamadas_111,DecideTronco_Perdida,7.798581437580425,complete,,,Perdida,7.798581437580425,,
Chamadas_111,Discharge,7.798581437580425,complete,,,,,,0.0
Chamadas_112,Arrival,7.818949686117992,complete,,0.0,,,,
Chamadas_112,DecideTronco_Perdida,7.818949686117992,complete,,,Perdida,7.818949686117992,,
Chamadas_112,Discharge,7.818949686117992,complete,,,,,,0.0
Chamadas_113,Arrival,8.096508480842752,complete,,0.0,,,,
Chamadas_113,DecideTronco_Perdida,8.096508480842752,complete,,,Perdida,8.096508480842752,,
Chamadas_113,Discharge,8.096508480842752,complete,,,,,,0.0
Chamadas_114,Arrival,8.162090912975069,complete,,0.0,,,,
Chamadas_114,DecideTronco_Perdida,8.162090912975069,complete,,,Perdida,8.162090912975069,,
Chamadas_114,Discharge,8.162090912975069,complete,,,,,,0.0
Chamadas_115,Arrival,8.301693098274054,complete,,0.0,,,,
Chamadas_115,DecideTronco_Perdida,8.301693098274054,complete,,,Perdida,8.301693098274054,,
Chamadas_115,Discharge,8.301693098274054,complete,,,,,,0.0
Chamadas_116,Arrival,8.330397119834418,complete,,0.0,,,,
Chamadas_116,DecideTronco_Perdida,8.330397119834418,complete,,,Perdida,8.330397119834418,,
Chamadas_116,Discharge,8.330397119834418,complete,,,,,,0.0
Chamadas_117,Arrival,8.330616583271304,complete,,0.0,,,,
Chamadas_117,DecideTronco_Perdida,8.330616583271304,complete,,,Perdida,8.330616583271304,,
Chamadas_117,Discharge,8.330616583271304,complete,,,,,,0.0
Chamadas_118,Arrival,8.425439437233717,complete,,0.0,,,,
Chamadas_118,DecideTronco_Atender,8.425439437233717,complete,,,Atender,8.425439437233717,,
Chamadas_118,Atendimento,8.425439437233717,start,Troncos,0.0,,,,
Chamadas_118,Atendimento,10.239753729252007,complete,Troncos,0.0,,,,
Chamadas_118,Discharge,10.239753729252007,complete,,,,,,1.81431429201829
Chamadas_119,Arrival,8.488214953878991,complete,,0.0,,,,
Chamadas_119,DecideTronco_Perdida,8.488214953878991,complete,,,Perdida,8.488214953878991,,
Chamadas_119,Discharge,8.488214953878991,complete,,,,,,0.0
Chamadas_12,Arrival,0.6840083856911228,complete,,0.0,,,,
Chamadas_12,DecideTronco_Atender,0.6840083856911228,complete,,,Atender,0.6840083856911228,,
Chamadas_12,Atendimento,0.6840083856911228,start,Troncos,0.0,,,,
Chamadas_12,Atendimento,1.6765173433991185,complete,Troncos,0.0,,,,
Chamadas_12,Discharge,1.6765173433991185,complete,,,,,,0.9925089577079957
Chamadas_120,Arrival,8.57946526242363,complete,,0.0,,,,
Chamadas_120,DecideTronco_Perdida,8.57946526242363,complete,,,Perdida,8.57946526242363,,
Chamadas_120,Discharge,8.57946526242363,complete,,,,,,0.0
Chamadas_121,Arrival,8.646638542231203,complete,,0.0,,,,
Chamadas_121,DecideTronco_Perdida,8.646638542231203,complete,,,Perdida,8.646638542231203,,
Chamadas_121,Discharge,8.646638542231203,complete,,,,,,0.0
Chamadas_122,Arrival,8.661961483618276,complete,,0.0,,,,
Chamadas_122,DecideTronco_Perdida,8.661961483618276,complete,,,Perdida,8.661961483618276,,
Chamadas_122,Discharge,8.661961483618276,complete,,,,,,0.0
Chamadas_123,Arrival,8.762306194801504,complete,,0.0,,,,
Chamadas_123,DecideTronco_Perdida,8.762306194801504,complete,,,Perdida,8.762306194801504,,
Chamadas_123,Discharge,8.762306194801504,complete,,,,,,0.0
Chamadas_124,Arrival,8.909649704550064,complete,,0.0,,,,
Chamadas_124,DecideTronco_Perdida,8.909649704550064,complete,,,Perdida,8.909649704550064,,
Chamadas_124,Discharge,8.909649704550064,complete,,,,,,0.0
Chamadas_125,Arrival,8.921540122169793,complete,,0.0,,,,
Chamadas_125,DecideTronco_Perdida,8.921540122169793,complete,,,Perdida,8.921540122169793,,
Chamadas_125,Discharge,8.921540122169793,complete,,,,,,0.0
Chamadas_126,Arrival,9.008513878379235,complete,,0.0,,,,
Chamadas_126,DecideTronco_Perdida,9.008513878379235,complete,,,Perdida,9.008513878379235,,
Chamadas_126,Discharge,9.008513878379235,complete,,,,,,0.0
Chamadas_127,Arrival,9.162637232899012,complete,,0.0,,,,
Chamadas_127,DecideTronco_Perdida,9.162637232899012,complete,,,Perdida,9.162637232899012,,
Chamadas_127,Discharge,9.162637232899012,complete,,,,,,0.0
Chamadas_128,Arrival,9.263609322948154,complete,,0.0,,,,
Chamadas_128,DecideTronco_Perdida,9.263609322948154,complete,,,Perdida,9.263609322948154,,
Chamadas_128,Discharge,9.263609322948154,complete,,,,,,0.0
Chamadas_129,Arrival,9.270693630695977,complete,,0.0,,,,
Chamadas_129,DecideTronco_Perdida,9.270693630695977,complete,,,Perdida,9.270693630695977,,
Chamadas_129,Discharge,9.270693630695977,complete,,,,,,0.0
Chamadas_13,Arrival,0.7555524790202969,complete,,0.0,,,,
Chamadas_13,DecideTronco_Perdida,0.7555524790202969,complete,,,Perdida,0.7555524790202969,,
Chamadas_13,Discharge,0.7555524790202969,complete,,,,,,0.0
Chamadas_130,Arrival,9.332566517870932,complete,,0.0,,,,
Chamadas_130,DecideTronco_Perdida,9.332566517870932,complete,,,Perdida,9.332566517870932,,
Chamadas_130,Discharge,9.332566517870932,complete,,,,,,0.0
Chamadas_131,Arrival,9.481414171403404,complete,,0.0,,,,
Chamadas_131,DecideTronco_Perdida,9.481414171403404,complete,,,Perdida,9.481414171403404,,
Chamadas_131,Discharge,9.481414171403404,complete,,,,,,0.0
Chamadas_132,Arrival,9.48531129261453,complete,,0.0,,,,
Chamadas_132,DecideTronco_Perdida,9.48531129261453,complete,,,Perdida,9.48531129261453,,
Chamadas_132,Discharge,9.48531129261453,complete,,,,,,0.0
Chamadas_133,Arrival,9.494602417570338,complete,,0.0,,,,
Chamadas_133,DecideTronco_Perdida,9.494602417570338,complete,,,Perdida,9.494602417570338,,
Chamadas_133,Discharge,9.494602417570338,complete,,,,,,0.0
Chamadas_134,Arrival,9.559297458330517,complete,,0.0,,,,
Chamadas_134,DecideTronco_Perdida,9.559297458330517,complete,,,Perdida,9.559297458330517,,
Chamadas_134,Discharge,9.559297458330517,complete,,,,,,0.0
Chamadas_135,Arrival,9.613084200579816,complete,,0.0,,,,
Chamadas_135,DecideTronco_Perdida,9.613084200579816,complete,,,Perdida,9.613084200579816,,
Chamadas_135,Discharge,9.613084200579816,complete,,,,,,0.0
Chamadas_136,Arrival,9.664122697518836,complete,,0.0,,,,
Chamadas_136,DecideTronco_Perdida,9.664122697518836,complete,,,Perdida,9.664122697518836,,
Chamadas_136,Discharge,9.664122697518836,complete,,,,,,0.0
Chamadas_137,Arrival,9.690800244321181,complete,,0.0,,,,
Chamadas_137,DecideTronco_Perdida,9.690800244321181,complete,,,Perdida,9.690800244321181,,
Chamadas_137,Discharge,9.690800244321181,complete,,,,,,0.0
Chamadas_138,Arrival,9.758538403158822,complete,,0.0,,,,
Chamadas_138,DecideTronco_Perdida,9.758538403158822,complete,,,Perdida,9.758538403158822,,
Chamadas_138,Discharge,9.758538403158822,complete,,,,,,0.0
Chamadas_139,Arrival,9.830057801384019,complete,,0.0,,,,
Chamadas_139,DecideTronco_Perdida,9.830057801384019,complete,,,Perdida,9.830057801384019,,
Chamadas_139,Discharge,9.830057801384019,complete,,,,,,0.0
Chamadas_14,Arrival,0.7606268416290889,complete,,0.0,,,,
Chamadas_14,DecideTronco_Perdida,0.7606268416290889,complete,,,Perdida,0.7606268416290889,,
Chamadas_14,Discharge,0.7606268416290889,complete,,,,,,0.0
Chamadas_140,Arrival,9.8479144318846,complete,,0.0,,,,
Chamadas_140,DecideTronco_Perdida,9.8479144318846,complete,,,Perdida,9.8479144318846,,
Chamadas_140,Discharge,9.8479144318846,complete,,,,,,0.0
Chamadas_141,Arrival,9.855926891308735,complete,,0.0,,,,
Chamadas_141,DecideTronco_Perdida,9.855926891308735,complete,,,Perdida,9.855926891308735,,
Chamadas_141,Discharge,9.855926891308735,complete,,,,,,0.0
Chamadas_142,Arrival,9.95314154730966,complete,,0.0,,,,
Chamadas_142,DecideTronco_Perdida,9.95314154730966,complete,,,Perdida,9.95314154730966,,
Chamadas_142,Discharge,9.95314154730966,complete,,,,,,0.0
Chamadas_143,Arrival,10.06658458888794,complete,,0.0,,,,
Chamadas_143,DecideTronco_Perdida,10.06658458888794,complete,,,Perdida,10.06658458888794,,
Chamadas_143,Discharge,10.06658458888794,complete,,,,,,0.0
Chamadas_144,Arrival,10.096208905954354,complete,,0.0,,,,
Chamadas_144,DecideTronco_Perdida,10.096208905954354,complete,,,Perdida,10.096208905954354,,
Chamadas_144,Discharge,10.096208905954354,complete,,,,,,0.0
Chamadas_145,Arrival,10.210632568970015,complete,,0.0,,,,
Chamadas_145,DecideTronco_Perdida,10.210632568970015,complete,,,Perdida,10.210632568970015,,
Chamadas_145,Discharge,10.210632568970015,complete,,,,,,0.0
Chamadas_146,Arrival,10.210655799663297,complete,,0.0,,,,
Chamadas_146,DecideTronco_Perdida,10.210655799663297,complete,,,Perdida,10.210655799663297,,
Chamadas_146,Discharge,10.210655799663297,complete,,,,,,0.0
Chamadas_147,Arrival,10.375597872063905,complete,,0.0,,,,
Chamadas_147,DecideTronco_Atender,10.375597872063905,complete,,,Atender,10.375597872063905,,
Chamadas_147,Atendimento,10.375597872063905,start,Troncos,0.0,,,,
Chamadas_147,Atendimento,14.682887913879215,complete,Troncos,0.0,,,,
Chamadas_147,Discharge,14.682887913879215,complete,,,,,,4.30729004181531
Chamadas_148,Arrival,10.38839452850395,complete,,0.0,,,,
Chamadas_148,DecideTronco_Perdida,10.38839452850395,complete,,,Perdida,10.38839452850395,,
Chamadas_148,Discharge,10.38839452850395,complete,,,,,,0.0
Chamadas_149,Arrival,10.505771450735981,complete,,0.0,,,,
Chamadas_149,DecideTronco_Atender,10.505771450735981,complete,,,Atender,10.505771450735981,,
Chamadas_149,Atendimento,10.505771450735981,start,Troncos,0.0,,,,
Chamadas_149,Atendimento,11.248862732612636,complete,Troncos,0.0,,,,
Chamadas_149,Discharge,11.248862732612636,complete,,,,,,0.7430912818766551
Chamadas_15,Arrival,0.8173845743766226,complete,,0.0,,,,
Chamadas_15,DecideTronco_Atender,0.8173845743766226,complete,,,Atender,0.8173845743766226,,
Chamadas_15,Atendimento,0.8173845743766226,start,Troncos,0.0,,,,
Chamadas_15,Atendimento,1.3378550269824,complete,Troncos,0.0,,,,
Chamadas_15,Discharge,1.3378550269824,complete,,,,,,0.5204704526057775
Chamadas_150,Arrival,10.573532408633618,complete,,0.0,,,,
Chamadas_150,DecideTronco_Atender,10.573532408633618,complete,,,Atender,10.573532408633618,,
Chamadas_150,Atendimento,10.573532408633618,start,Troncos,0.0,,,,
Chamadas_150,Atendimento,11.244156237901109,complete,Troncos,0.0,,,,
Chamadas_150,Discharge,11.244156237901109,complete,,,,,,0.6706238292674911
Chamadas_151,Arrival,10.601053690149765,complete,,0.0,,,,
Chamadas_151,DecideTronco_Atender,10.601053690149765,complete,,,Atender,10.601053690149765,,
Chamadas_151,Atendimento,10.601053690149765,start,Troncos,0.0,,,,
Chamadas_151,Atendimento,11.699916617211723,complete,Troncos,0.0,,,,
Chamadas_151,Discharge,11.699916617211723,complete,,,,,,1.0988629270619583
Chamadas_152,Arrival,10.817630352668909,complete,,0.0,,,,
Chamadas_152,DecideTronco_Perdida,10.817630352668909,complete,,,Perdida,10.817630352668909,,
Chamadas_152,Discharge,10.817630352668909,complete,,,,,,0.0
Chamadas_153,Arrival,10.95167521697086,complete,,0.0,,,,
Chamadas_153,DecideTronco_Perdida,10.95167521697086,complete,,,Perdida,10.95167521697086,,
Chamadas_153,Discharge,10.95167521697086,complete,,,,,,0.0
Chamadas_154,Arrival,10.962820917106923,complete,,0.0,,,,
Chamadas_154,DecideTronco_Perdida,10.962820917106923,complete,,,Perdida,10.962820917106923,,
Chamadas_154,Discharge,10.962820917106923,complete,,,,,,0.0
Chamadas_155,Arrival,11.016036939504364,complete,,0.0,,,,
Chamadas_155,DecideTronco_Perdida,11.016036939504364,complete,,,Perdida,11.016036939504364,,
Chamadas_155,Discharge,11.016036939504364,complete,,,,,,0.0
Chamadas_156,Arrival,11.020355934232677,complete,,0.0,,,,
Chamadas_156,DecideTronco_Perdida,11.020355934232677,complete,,,Perdida,11.020355934232677,,
Chamadas_156,Discharge,11.020355934232677,complete,,,,,,0.0
Chamadas_157,Arrival,11.03438915197373,complete,,0.0,,,,
Chamadas_157,DecideTronco_Perdida,11.03438915197373,complete,,,Perdida,11.03438915197373,,
Chamadas_157,Discharge,11.03438915197373,complete,,,,,,0.0
Chamadas_158,Arrival,11.147670688988878,complete,,0.0,,,,
Chamadas_158,DecideTronco_Perdida,11.147670688988878,complete,,,Perdida,11.147670688988878,,
Chamadas_158,Discharge,11.147670688988878,complete,,,,,,0.0
Chamadas_159,Arrival,11.198689695901214,complete,,0.0,,,,
Chamadas_159,DecideTronco_Perdida,11.198689695901214,complete,,,Perdida,11.198689695901214,,
Chamadas_159,Discharge,11.198689695901214,complete,,,,,,0.0
Chamadas_16,Arrival,0.8833655973714919,complete,,0.0,,,,
Chamadas_16,DecideTronco_Perdida,0.8833655973714919,complete,,,Perdida,0.8833655973714919,,
Chamadas_16,Discharge,0.8833655973714919,complete,,,,,,0.0
Chamadas_160,Arrival,11.39185117825567,complete,,0.0,,,,
Chamadas_160,DecideTronco_Atender,11.39185117825567,complete,,,Atender,11.39185117825567,,
Chamadas_160,Atendimento,11.39185117825567,start,Troncos,0.0,,,,
Chamadas_160,Atendimento,13.456510123743602,complete,Troncos,0.0,,,,
Chamadas_160,Discharge,13.456510123743602,complete,,,,,,2.064658945487931
Chamadas_161,Arrival,11.393966745619714,complete,,0.0,,,,
Chamadas_161,DecideTronco_Atender,11.393966745619714,complete,,,Atender,11.393966745619714,,
Chamadas_161,Atendimento,11.393966745619714,start,Troncos,0.0,,,,
Chamadas_161,Atendimento,14.584763000884019,complete,Troncos,0.0,,,,
Chamadas_161,Discharge,14.584763000884019,complete,,,,,,3.1907962552643045
Chamadas_162,Arrival,11.40088801373576,complete,,0.0,,,,
Chamadas_162,DecideTronco_Perdida,11.40088801373576,complete,,,Perdida,11.40088801373576,,
Chamadas_162,Discharge,11.40088801373576,complete,,,,,,0.0
Chamadas_163,Arrival,11.543899586875323,complete,,0.0,,,,
Chamadas_163,DecideTronco_Atender,11.543899586875323,complete,,,Atender,11.543899586875323,,
Chamadas_163,Atendimento,11.543899586875323,start,Troncos,0.0,,,,
Chamadas_163,Atendimento,11.763379021967632,complete,Troncos,0.0,,,,
Chamadas_163,Discharge,11.763379021967632,complete,,,,,,0.2194794350923086
Chamadas_164,Arrival,11.61540048619496,complete,,0.0,,,,
Chamadas_164,DecideTronco_Perdida,11.61540048619496,complete,,,Perdida,11.61540048619496,,
Chamadas_164,Discharge,11.61540048619496,complete,,,,,,0.0
Chamadas_165,Arrival,11.618365815214649,complete,,0.0,,,,
Chamadas_165,DecideTronco_Perdida,11.618365815214649,complete,,,Perdida,11.618365815214649,,
Chamadas_165,Discharge,11.618365815214649,complete,,,,,,0.0
Chamadas_166,Arrival,11.726633488770759,complete,,0.0,,,,
Chamadas_166,DecideTronco_Atender,11.726633488770759,complete,,,Atender,11.726633488770759,,
Chamadas_166,Atendimento,11.726633488770759,start,Troncos,0.0,,,,
Chamadas_166,Atendimento,12.785204820364463,complete,Troncos,0.0,,,,
Chamadas_166,Discharge,12.785204820364463,complete,,,,,,1.0585713315937042
Chamadas_167,Arrival,11.75688688593949,complete,,0.0,,,,
Chamadas_167,DecideTronco_Perdida,11.75688688593949,complete,,,Perdida,11.75688688593949,,
Chamadas_167,Discharge,11.75688688593949,complete,,,,,,0.0
Chamadas_168,Arrival,11.770445284763973,complete,,0.0,,,,
Chamadas_168,DecideTronco_Atender,11.770445284763973,complete,,,Atender,11.770445284763973,,
Chamadas_168,Atendimento,11.770445284763973,start,Troncos,0.0,,,,
Chamadas_168,Atendimento,13.622658991499337,complete,Troncos,0.0,,,,
Chamadas_168,Discharge,13.622658991499337,complete,,,,,,1.8522137067353643
Chamadas_169,Arrival,12.086950232178369,complete,,0.0,,,,
Chamadas_169,DecideTronco_Perdida,12.086950232178369,complete,,,Perdida,12.086950232178369,,
Chamadas_169,Discharge,12.086950232178369,complete,,,,,,0.0
Chamadas_17,Arrival,0.9339843721240094,complete,,0.0,,,,
Chamadas_17,DecideTronco_Perdida,0.9339843721240094,complete,,,Perdida,0.9339843721240094,,
Chamadas_17,Discharge,0.9339843721240094,complete,,,,,,0.0
Chamadas_170,Arrival,12.09731790979251,complete,,0.0,,,,
Chamadas_170,DecideTronco_Perdida,12.09731790979251,complete,,,Perdida,12.09731790979251,,
Chamadas_170,Discharge,12.09731790979251,complete,,,,,,0.0
Chamadas_171,Arrival,12.28892860215894,complete,,0.0,,,,
Chamadas_171,DecideTronco_Perdida,12.28892860215894,complete,,,Perdida,12.28892860215894,,
Chamadas_171,Discharge,12.28892860215894,complete,,,,,,0.0
Chamadas_172,Arrival,12.329276676866852,complete,,0.0,,,,
Chamadas_172,DecideTronco_Perdida,12.329276676866852,complete,,,Perdida,12.329276676866852,,
Chamadas_172,Discharge,12.329276676866852,complete,,,,,,0.0
Chamadas_173,Arrival,12.395007685953754,complete,,0.0,,,,
Chamadas_173,DecideTronco_Perdida,12.395007685953754,complete,,,Perdida,12.395007685953754,,
Chamadas_173,Discharge,12.395007685953754,complete,,,,,,0.0
Chamadas_174,Arrival,12.438525989225406,complete,,0.0,,,,
Chamadas_174,DecideTronco_Perdida,12.438525989225406,complete,,,Perdida,12.438525989225406,,
Chamadas_174,Discharge,12.438525989225406,complete,,,,,,0.0
Chamadas_175,Arrival,12.548543863584753,complete,,0.0,,,,
Chamadas_175,DecideTronco_Perdida,12.548543863584753,complete,,,Perdida,12.548543863584753,,
Chamadas_175,Discharge,12.548543863584753,complete,,,,,,0.0
Chamadas_176,Arrival,12.618131387396344,complete,,0.0,,,,
Chamadas_176,DecideTronco_Perdida,12.618131387396344,complete,,,Perdida,12.618131387396344,,
Chamadas_176,Discharge,12.618131387396344,complete,,,,,,0.0
Chamadas_177,Arrival,12.66968367755012,complete,,0.0,,,,
Chamadas_177,DecideTronco_Atender,12.66968367755012,complete,,,Atender,12.66968367755012,,
Chamadas_177,Atendimento,12.66968367755012,start,Troncos,0.0,,,,
Chamadas_177,Atendimento,14.433112662635427,complete,Troncos,0.0,,,,
Chamadas_177,Discharge,14.433112662635427,complete,,,,,,1.7634289850853069
Chamadas_178,Arrival,12.69724592522409,complete,,0.0,,,,
Chamadas_178,DecideTronco_Perdida,12.69724592522409,complete,,,Perdida,12.69724592522409,,
Chamadas_178,Discharge,12.69724592522409,complete,,,,,,0.0
Chamadas_179,Arrival,12.742244110512068,complete,,0.0,,,,
Chamadas_179,DecideTronco_Perdida,12.742244110512068,complete,,,Perdida,12.742244110512068,,
Chamadas_179,Discharge,12.742244110512068,complete,,,,,,0.0
Chamadas_18,Arrival,1.0938898081393813,complete,,0.0,,,,
Chamadas_18,DecideTronco_Atender,1.0938898081393813,complete,,,Atender,1.0938898081393813,,
Chamadas_18,Atendimento,1.0938898081393813,start,Troncos,0.0,,,,
Chamadas_18,Atendimento,1.4849216025725311,complete,Troncos,0.0,,,,
Chamadas_18,Discharge,1.4849216025725311,complete,,,,,,0.39103179443314984
Chamadas_180,Arrival,12.778717487889914,complete,,0.0,,,,
Chamadas_180,DecideTronco_Perdida,12.778717487889914,complete,,,Perdida,12.778717487889914,,
Chamadas_180,Discharge,12.778717487889914,complete,,,,,,0.0
Chamadas_181,Arrival,12.786092155419945,complete,,0.0,,,,
Chamadas_181,DecideTronco_Atender,12.786092155419945,complete,,,Atender,12.786092155419945,,
Chamadas_181,Atendimento,12.786092155419945,start,Troncos,0.0,,,,
Chamadas_181,Atendimento,15.670029525002855,complete,Troncos,0.0,,,,
Chamadas_181,Discharge,15.670029525002855,complete,,,,,,2.8839373695829096
Chamadas_182,Arrival,13.032825468841008,complete,,0.0,,,,
Chamadas_182,DecideTronco_Perdida,13.032825468841008,complete,,,Perdida,13.032825468841008,,
Chamadas_182,Discharge,13.032825468841008,complete,,,,,,0.0
Chamadas_183,Arrival,13.077468648837304,complete,,0.0,,,,
Chamadas_183,DecideTronco_Perdida,13.077468648837304,complete,,,Perdida,13.077468648837304,,
Chamadas_183,Discharge,13.077468648837304,complete,,,,,,0.0
Chamadas_184,Arrival,13.095042850478208,complete,,0.0,,,,
Chamadas_184,DecideTronco_Perdida,13.095042850478208,complete,,,Perdida,13.095042850478208,,
Chamadas_184,Discharge,13.095042850478208,complete,,,,,,0.0
Chamadas_185,Arrival,13.144702586563689,complete,,0.0,,,,
Chamadas_185,DecideTronco_Perdida,13.144702586563689,complete,,,Perdida,13.144702586563689,,
Chamadas_185,Discharge,13.144702586563689,complete,,,,,,0.0
Chamadas_186,Arrival,13.329838032266293,complete,,0.0,,,,
Chamadas_186,DecideTronco_Perdida,13.329838032266293,complete,,,Perdida,13.329838032266293,,
Chamadas_186,Discharge,13.329838032266293,complete,,,,,,0.0
Chamadas_187,Arrival,13.365724496460201,complete,,0.0,,,,
Chamadas_187,DecideTronco_Perdida,13.365724496460201,complete,,,Perdida,13.365724496460201,,
Chamadas_187,Discharge,13.365724496460201,complete,,,,,,0.0
Chamadas_188,Arrival,13.461824880723624,complete,,0.0,,,,
Chamadas_188,DecideTronco_Atender,13.461824880723624,complete,,,Atender,13.461824880723624,,
Chamadas_188,Atendimento,13.461824880723624,start,Troncos,0.0,,,,
Chamadas_188,Atendimento,15.809716378990597,complete,Troncos,0.0,,,,
Chamadas_188,Discharge,15.809716378990597,complete,,,,,,2.347891498266973
Chamadas_189,Arrival,13.479707740404846,complete,,0.0,,,,
Chamadas_189,DecideTronco_Perdida,13.479707740404846,complete,,,Perdida,13.479707740404846,,
Chamadas_189,Discharge,13.479707740404846,complete,,,,,,0.0
Chamadas_19,Arrival,1.160171619126428,complete,,0.0,,,,
Chamadas_19,DecideTronco_Perdida,1.160171619126428,complete,,,Perdida,1.160171619126428,,
Chamadas_19,Discharge,1.160171619126428,complete,,,,,,0.0
Chamadas_190,Arrival,13.562503589947905,complete,,0.0,,,,
Chamadas_190,DecideTronco_Perdida,13.562503589947905,complete,,,Perdida,13.562503589947905,,
Chamadas_190,Discharge,13.562503589947905,complete,,,,,,0.0
Chamadas_191,Arrival,13.743001326587633,complete,,0.0,,,,
Chamadas_191,DecideTronco_Atender,13.743001326587633,complete,,,Atender,13.743001326587633,,
Chamadas_191,Atendimento,13.743001326587633,start,Troncos,0.0,,,,
Chamadas_191,Atendimento,19.85029510232887,complete,Troncos,0.0,,,,
Chamadas_191,Discharge,19.85029510232887,complete,,,,,,6.107293775741239
Chamadas_192,Arrival,13.756136162307024,complete,,0.0,,,,
Chamadas_192,DecideTronco_Atender,13.756136162307024,complete,,,Atender,13.756136162307024,,
Chamadas_192,Atendimento,13.756136162307024,start,Troncos,0.0,,,,
Chamadas_192,Atendimento,13.766645657206945,complete,Troncos,0.0,,,,
Chamadas_192,Discharge,13.766645657206945,complete,,,,,,0.010509494899920924
Chamadas_193,Arrival,13.769581797141747,complete,,0.0,,,,
Chamadas_193,DecideTronco_Atender,13.769581797141747,complete,,,Atender,13.769581797141747,,
Chamadas_193,Atendimento,13.769581797141747,start,Troncos,0.0,,,,
Chamadas_193,Atendimento,14.882891405825655,complete,Troncos,0.0,,,,
Chamadas_193,Discharge,14.882891405825655,complete,,,,,,1.1133096086839078
Chamadas_194,Arrival,13.84486011105674,complete,,0.0,,,,
Chamadas_194,DecideTronco_Perdida,13.84486011105674,complete,,,Perdida,13.84486011105674,,
Chamadas_194,Discharge,13.84486011105674,complete,,,,,,0.0
Chamadas_195,Arrival,13.970740171512235,complete,,0.0,,,,
Chamadas_195,DecideTronco_Perdida,13.970740171512235,complete,,,Perdida,13.970740171512235,,
Chamadas_195,Discharge,13.970740171512235,complete,,,,,,0.0
Chamadas_196,Arrival,13.996311942701933,complete,,0.0,,,,
Chamadas_196,DecideTronco_Perdida,13.996311942701933,complete,,,Perdida,13.996311942701933,,
Chamadas_196,Discharge,13.996311942701933,complete,,,,,,0.0
Chamadas_197,Arrival,14.129707171766908,complete,,0.0,,,,
Chamadas_197,DecideTronco_Perdida,14.129707171766908,complete,,,Perdida,14.129707171766908,,
Chamadas_197,Discharge,14.129707171766908,complete,,,,,,0.0
Chamadas_198,Arrival,14.391512564170375,complete,,0.0,,,,
Chamadas_198,DecideTronco_Perdida,14.391512564170375,complete,,,Perdida,14.391512564170375,,
Chamadas_198,Discharge,14.391512564170375,complete,,,,,,0.0
Chamadas_199,Arrival,14.392484130387981,complete,,0.0,,,,
Chamadas_199,DecideTronco_Perdida,14.392484130387981,complete,,,Perdida,14.392484130387981,,
Chamadas_199,Discharge,14.392484130387981,complete,,,,,,0.0
Chamadas_2,Arrival,0.1578953807279247,complete,,0.0,,,,
Chamadas_2,DecideTronco_Atender,0.1578953807279247,complete,,,Atender,0.1578953807279247,,
Chamadas_2,Atendimento,0.1578953807279247,start,Troncos,0.0,,,,
Chamadas_2,Atendimento,0.9702152635126111,complete,Troncos,0.0,,,,
Chamadas_2,Discharge,0.9702152635126111,complete,,,,,,0.8123198827846865
Chamadas_20,Arrival,1.4817082336936513,complete,,0.0,,,,
Chamadas_20,DecideTronco_Atender,1.4817082336936513,complete,,,Atender,1.4817082336936513,,
Chamadas_20,Atendimento,1.4817082336936513,start,Troncos,0.0,,,,
Chamadas_20,Atendimento,2.349584103252536,complete,Troncos,0.0,,,,
Chamadas_20,Discharge,2.349584103252536,complete,,,,,,0.8678758695588846
Chamadas_200,Arrival,14.630425923053213,complete,,0.0,,,,
Chamadas_200,DecideTronco_Atender,14.630425923053213,complete,,,Atender,14.630425923053213,,
Chamadas_200,Atendimento,14.630425923053213,start,Troncos,0.0,,,,
Chamadas_200,Atendimento,17.006544894540593,complete,Troncos,0.0,,,,
Chamadas_200,Discharge,17.006544894540593,complete,,,,,,2.3761189714873794
Chamadas_201,Arrival,14.685473841530344,complete,,0.0,,,,
Chamadas_201,DecideTronco_Atender,14.685473841530344,complete,,,Atender,14.685473841530344,,
Chamadas_201,Atendimento,14.685473841530344,start,Troncos,0.0,,,,
Chamadas_201,Atendimento,18.306935033415805,complete,Troncos,0.0,,,,
Chamadas_201,Discharge,18.306935033415805,complete,,,,,,3.6214611918854605
Chamadas_202,Arrival,14.69450334525792,complete,,0.0,,,,
Chamadas_202,DecideTronco_Atender,14.69450334525792,complete,,,Atender,14.69450334525792,,
Chamadas_202,Atendimento,14.69450334525792,start,Troncos,0.0,,,,
Chamadas_202,Atendimento,16.788595842402888,complete,Troncos,0.0,,,,
Chamadas_202,Discharge,16.788595842402888,complete,,,,,,2.0940924971449686
Chamadas_203,Arrival,14.73181058134426,complete,,0.0,,,,
Chamadas_203,DecideTronco_Perdida,14.73181058134426,complete,,,Perdida,14.73181058134426,,
Chamadas_203,Discharge,14.73181058134426,complete,,,,,,0.0
Chamadas_204,Arrival,14.740715299265396,complete,,0.0,,,,
Chamadas_204,DecideTronco_Perdida,14.740715299265396,complete,,,Perdida,14.740715299265396,,
Chamadas_204,Discharge,14.740715299265396,complete,,,,,,0.0
Chamadas_205,Arrival,14.770100092280572,complete,,0.0,,,,
Chamadas_205,DecideTronco_Perdida,14.770100092280572,complete,,,Perdida,14.770100092280572,,
Chamadas_205,Discharge,14.770100092280572,complete,,,,,,0.0
Chamadas_206,Arrival,14.775045265242724,complete,,0.0,,,,
Chamadas_206,DecideTronco_Perdida,14.775045265242724,complete,,,Perdida,14.775045265242724,,
Chamadas_206,Discharge,14.775045265242724,complete,,,,,,0.0
Chamadas_207,Arrival,14.77824819743768,complete,,0.0,,,,
Chamadas_207,DecideTronco_Perdida,14.77824819743768,complete,,,Perdida,14.77824819743768,,
Chamadas_207,Discharge,14.77824819743768,complete,,,,,,0.0
Chamadas_208,Arrival,15.029079547890836,complete,,0.0,,,,
Chamadas_208,DecideTronco_Atender,15.029079547890836,complete,,,Atender,15.029079547890836,,
Chamadas_208,Atendimento,15.029079547890836,start,Troncos,0.0,,,,
Chamadas_208,Atendimento,15.887847786063062,complete,Troncos,0.0,,,,
Chamadas_208,Discharge,15.887847786063062,complete,,,,,,0.8587682381722264
Chamadas_209,Arrival,15.1103012287311,complete,,0.0,,,,
Chamadas_209,DecideTronco_Perdida,15.1103012287311,complete,,,Perdida,15.1103012287311,,
Chamadas_209,Discharge,15.1103012287311,complete,,,,,,0.0
Chamadas_21,Arrival,1.491355627631385,complete,,0.0,,,,
Chamadas_21,DecideTronco_Atender,1.491355627631385,complete,,,Atender,1.491355627631385,,
Chamadas_21,Atendimento,1.491355627631385,start,Troncos,0.0,,,,
Chamadas_21,Atendimento,2.36855609419011,complete,Troncos,0.0,,,,
Chamadas_21,Discharge,2.36855609419011,complete,,,,,,0.8772004665587247
Chamadas_210,Arrival,15.136909217425634,complete,,0.0,,,,
Chamadas_210,DecideTronco_Perdida,15.136909217425634,complete,,,Perdida,15.136909217425634,,
Chamadas_210,Discharge,15.136909217425634,complete,,,,,,0.0
Chamadas_211,Arrival,15.181577321515839,complete,,0.0,,,,
Chamadas_211,DecideTronco_Perdida,15.181577321515839,complete,,,Perdida,15.181577321515839,,
Chamadas_211,Discharge,15.181577321515839,complete,,,,,,0.0
Chamadas_212,Arrival,15.211233480839098,complete,,0.0,,,,
Chamadas_212,DecideTronco_Perdida,15.211233480839098,complete,,,Perdida,15.211233480839098,,
Chamadas_212,Discharge,15.211233480839098,complete,,,,,,0.0
Chamadas_213,Arrival,15.218443874058984,complete,,0.0,,,,
Chamadas_213,DecideTronco_Perdida,15.218443874058984,complete,,,Perdida,15.218443874058984,,
Chamadas_213,Discharge,15.218443874058984,complete,,,,,,0.0
Chamadas_214,Arrival,15.297044365234967,complete,,0.0,,,,
Chamadas_214,DecideTronco_Perdida,15.297044365234967,complete,,,Perdida,15.297044365234967,,
Chamadas_214,Discharge,15.297044365234967,complete,,,,,,0.0
Chamadas_215,Arrival,15.311094183373301,complete,,0.0,,,,
Chamadas_215,DecideTronco_Perdida,15.311094183373301,complete,,,Perdida,15.311094183373301,,
Chamadas_215,Discharge,15.311094183373301,complete,,,,,,0.0
Chamadas_216,Arrival,15.347668583712588,complete,,0.0,,,,
Chamadas_216,DecideTronco_Perdida,15.347668583712588,complete,,,Perdida,15.347668583712588,,
Chamadas_216,Discharge,15.347668583712588,complete,,,,,,0.0
Chamadas_217,Arrival,15.517276133767973,complete,,0.0,,,,
Chamadas_217,DecideTronco_Perdida,15.517276133767973,complete,,,Perdida,15.517276133767973,,
Chamadas_217,Discharge,15.517276133767973,complete,,,,,,0.0
Chamadas_218,Arrival,15.555547378795477,complete,,0.0,,,,
Chamadas_218,DecideTronco_Perdida,15.555547378795477,complete,,,Perdida,15.555547378795477,,
Chamadas_218,Discharge,15.555547378795477,complete,,,,,,0.0
Chamadas_219,Arrival,15.558294936699697,complete,,0.0,,,,
Chamadas_219,DecideTronco_Perdida,15.558294936699697,complete,,,Perdida,15.558294936699697,,
Chamadas_219,Discharge,15.558294936699697,complete,,,,,,0.0
Chamadas_22,Arrival,1.5277118562062493,complete,,0.0,,,,
Chamadas_22,DecideTronco_Perdida,1.5277118562062493,complete,,,Perdida,1.5277118562062493,,
Chamadas_22,Discharge,1.5277118562062493,complete,,,,,,0.0
Chamadas_220,Arrival,15.741742105751063,complete,,0.0,,,,
Chamadas_220,DecideTronco_Atender,15.741742105751063,complete,,,Atender,15.741742105751063,,
Chamadas_220,Atendimento,15.741742105751063,start,Troncos,0.0,,,,
Chamadas_220,Atendimento,17.602981658232963,complete,Troncos,0.0,,,,
Chamadas_220,Discharge,17.602981658232963,complete,,,,,,1.8612395524818997
Chamadas_221,Arrival,15.829424748172318,complete,,0.0,,,,
Chamadas_221,DecideTronco_Atender,15.829424748172318,complete,,,Atender,15.829424748172318,,
Chamadas_221,Atendimento,15.829424748172318,start,Troncos,0.0,,,,
Chamadas_221,Atendimento,16.505981627141335,complete,Troncos,0.0,,,,
Chamadas_221,Discharge,16.505981627141335,complete,,,,,,0.6765568789690164
Chamadas_222,Arrival,15.875646194383815,complete,,0.0,,,,
Chamadas_222,DecideTronco_Perdida,15.875646194383815,complete,,,Perdida,15.875646194383815,,
Chamadas_222,Discharge,15.875646194383815,complete,,,,,,0.0
Chamadas_223,Arrival,15.956564916054381,complete,,0.0,,,,
Chamadas_223,DecideTronco_Atender,15.956564916054381,complete,,,Atender,15.956564916054381,,
Chamadas_223,Atendimento,15.956564916054381,start,Troncos,0.0,,,,
Chamadas_223,Atendimento,19.60152770572864,complete,Troncos,0.0,,,,
Chamadas_223,Discharge,19.60152770572864,complete,,,,,,3.644962789674258
Chamadas_224,Arrival,16.007525820274296,complete,,0.0,,,,
Chamadas_224,DecideTronco_Perdida,16.007525820274296,complete,,,Perdida,16.007525820274296,,
Chamadas_224,Discharge,16.007525820274296,complete,,,,,,0.0
Chamadas_225,Arrival,16.023071218911262,complete,,0.0,,,,
Chamadas_225,DecideTronco_Perdida,16.023071218911262,complete,,,Perdida,16.023071218911262,,
Chamadas_225,Discharge,16.023071218911262,complete,,,,,,0.0
Chamadas_226,Arrival,16.06613845238575,complete,,0.0,,,,
Chamadas_226,DecideTronco_Perdida,16.06613845238575,complete,,,Perdida,16.06613845238575,,
Chamadas_226,Discharge,16.06613845238575,complete,,,,,,0.0
Chamadas_227,Arrival,16.091084590488393,complete,,0.0,,,,
Chamadas_227,DecideTronco_Perdida,16.091084590488393,complete,,,Perdida,16.091084590488393,,
Chamadas_227,Discharge,16.091084590488393,complete,,,,,,0.0
Chamadas_228,Arrival,16.10570180740443,complete,,0.0,,,,
Chamadas_228,DecideTronco_Perdida,16.10570180740443,complete,,,Perdida,16.10570180740443,,
Chamadas_228,Discharge,16.10570180740443,complete,,,,,,0.0
Chamadas_229,Arrival,16.132481849714623,complete,,0.0,,,,
Chamadas_229,DecideTronco_Perdida,16.132481849714623,complete,,,Perdida,16.132481849714623,,
Chamadas_229,Discharge,16.132481849714623,complete,,,,,,0.0
Chamadas_23,Arrival,1.533910568908025,complete,,0.0,,,,
Chamadas_23,DecideTronco_Perdida,1.533910568908025,complete,,,Perdida,1.533910568908025,,
Chamadas_23,Discharge,1.533910568908025,complete,,,,,,0.0
Chamadas_230,Arrival,16.173962370623297,complete,,0.0,,,,
Chamadas_230,DecideTronco_Perdida,16.173962370623297,complete,,,Perdida,16.173962370623297,,
Chamadas_230,Discharge,16.173962370623297,complete,,,,,,0.0
Chamadas_231,Arrival,16.21218473705885,complete,,0.0,,,,
Chamadas_231,DecideTronco_Perdida,16.21218473705885,complete,,,Perdida,16.21218473705885,,
Chamadas_231,Discharge,16.21218473705885,complete,,,,,,0.0
Chamadas_232,Arrival,16.217694599358744,complete,,0.0,,,,
Chamadas_232,DecideTronco_Perdida,16.217694599358744,complete,,,Perdida,16.217694599358744,,
Chamadas_232,Discharge,16.217694599358744,complete,,,,,,0.0
Chamadas_233,Arrival,16.259517037266043,complete,,0.0,,,,
Chamadas_233,DecideTronco_Perdida,16.259517037266043,complete,,,Perdida,16.259517037266043,,
Chamadas_233,Discharge,16.259517037266043,complete,,,,,,0.0
Chamadas_234,Arrival,16.396328738628313,complete,,0.0,,,,
Chamadas_234,DecideTronco_Perdida,16.396328738628313,complete,,,Perdida,16.396328738628313,,
Chamadas_234,Discharge,16.396328738628313,complete,,,,,,0.0
Chamadas_235,Arrival,16.428496207291168,complete,,0.0,,,,
Chamadas_235,DecideTronco_Perdida,16.428496207291168,complete,,,Perdida,16.428496207291168,,
Chamadas_235,Discharge,16.428496207291168,complete,,,,,,0.0
Chamadas_236,Arrival,16.478886721928877,complete,,0.0,,,,
Chamadas_236,DecideTronco_Perdida,16.478886721928877,complete,,,Perdida,16.478886721928877,,
Chamadas_236,Discharge,16.478886721928877,complete,,,,,,0.0
Chamadas_237,Arrival,16.482824900157922,complete,,0.0,,,,
Chamadas_237,DecideTronco_Perdida,16.482824900157922,complete,,,Perdida,16.482824900157922,,
Chamadas_237,Discharge,16.482824900157922,complete,,,,,,0.0
Chamadas_238,Arrival,16.586850304614693,complete,,0.0,,,,
Chamadas_238,DecideTronco_Atender,16.586850304614693,complete,,,Atender,16.586850304614693,,
Chamadas_238,Atendimento,16.586850304614693,start,Troncos,0.0,,,,
Chamadas_239,Arrival,16.686911929661402,complete,,0.0,,,,
Chamadas_239,DecideTronco_Perdida,16.686911929661402,complete,,,Perdida,16.686911929661402,,
Chamadas_239,Discharge,16.686911929661402,complete,,,,,,0.0
Chamadas_24,Arrival,1.5344837737405166,complete,,0.0,,,,
Chamadas_24,DecideTronco_Perdida,1.5344837737405166,complete,,,Perdida,1.5344837737405166,,
Chamadas_24,Discharge,1.5344837737405166,complete,,,,,,0.0
Chamadas_240,Arrival,16.722910959896875,complete,,0.0,,,,
Chamadas_240,DecideTronco_Perdida,16.722910959896875,complete,,,Perdida,16.722910959896875,,
Chamadas_240,Discharge,16.722910959896875,complete,,,,,,0.0
Chamadas_241,Arrival,16.72867997664854,complete,,0.0,,,,
Chamadas_241,DecideTronco_Perdida,16.72867997664854,complete,,,Perdida,16.72867997664854,,
Chamadas_241,Discharge,16.72867997664854,complete,,,,,,0.0
Chamadas_242,Arrival,16.733030722346577,complete,,0.0,,,,
Chamadas_242,DecideTronco_Perdida,16.733030722346577,complete,,,Perdida,16.733030722346577,,
Chamadas_242,Discharge,16.733030722346577,complete,,,,,,0.0
Chamadas_243,Arrival,16.799797645008095,complete,,0.0,,,,
Chamadas_243,DecideTronco_Atender,16.799797645008095,complete,,,Atender,16.799797645008095,,
Chamadas_243,Atendimento,16.799797645008095,start,Troncos,0.0,,,,
Chamadas_243,Atendimento,17.875345273144436,complete,Troncos,0.0,,,,
Chamadas_243,Discharge,17.875345273144436,complete,,,,,,1.0755476281363414
Chamadas_244,Arrival,16.80895590158519,complete,,0.0,,,,
Chamadas_244,DecideTronco_Perdida,16.80895590158519,complete,,,Perdida,16.80895590158519,,
Chamadas_244,Discharge,16.80895590158519,complete,,,,,,0.0
Chamadas_245,Arrival,16.82060400247502,complete,,0.0,,,,
Chamadas_245,DecideTronco_Perdida,16.82060400247502,complete,,,Perdida,16.82060400247502,,
Chamadas_245,Discharge,16.82060400247502,complete,,,,,,0.0
Chamadas_246,Arrival,16.838202300362084,complete,,0.0,,,,
Chamadas_246,DecideTronco_Perdida,16.838202300362084,complete,,,Perdida,16.838202300362084,,
Chamadas_246,Discharge,16.838202300362084,complete,,,,,,0.0
Chamadas_247,Arrival,16.861667410648007,complete,,0.0,,,,
Chamadas_247,DecideTronco_Perdida,16.861667410648007,complete,,,Perdida,16.861667410648007,,
Chamadas_247,Discharge,16.861667410648007,complete,,,,,,0.0
Chamadas_248,Arrival,16.865029858248583,complete,,0.0,,,,
Chamadas_248,DecideTronco_Perdida,16.865029858248583,complete,,,Perdida,16.865029858248583,,
Chamadas_248,Discharge,16.865029858248583,complete,,,,,,0.0
Chamadas_249,Arrival,17.041801234865755,complete,,0.0,,,,
Chamadas_249,DecideTronco_Atender,17.041801234865755,complete,,,Atender,17.041801234865755,,
Chamadas_249,Atendimento,17.041801234865755,start,Troncos,0.0,,,,
Chamadas_249,Atendimento,17.39354125480732,complete,Troncos,0.0,,,,
Chamadas_249,Discharge,17.39354125480732,complete,,,,,,0.3517400199415661
Chamadas_25,Arrival,1.5395720374905209,complete,,0.0,,,,
Chamadas_25,DecideTronco_Perdida,1.5395720374905209,complete,,,Perdida,1.5395720374905209,,
Chamadas_25,Discharge,1.5395720374905209,complete,,,,,,0.0
Chamadas_250,Arrival,17.053302836907445,complete,,0.0,,,,
Chamadas_250,DecideTronco_Perdida,17.053302836907445,complete,,,Perdida,17.053302836907445,,
Chamadas_250,Discharge,17.053302836907445,complete,,,,,,0.0
Chamadas_251,Arrival,17.0559905068268,complete,,0.0,,,,
Chamadas_251,DecideTronco_Perdida,17.0559905068268,complete,,,Perdida,17.0559905068268,,
Chamadas_251,Discharge,17.0559905068268,complete,,,,,,0.0
Chamadas_252,Arrival,17.084446263613433,complete,,0.0,,,,
Chamadas_252,DecideTronco_Perdida,17.084446263613433,complete,,,Perdida,17.084446263613433,,
Chamadas_252,Discharge,17.084446263613433,complete,,,,,,0.0
Chamadas_253,Arrival,17.247073944852662,complete,,0.0,,,,
Chamadas_253,DecideTronco_Perdida,17.247073944852662,complete,,,Perdida,17.247073944852662,,
Chamadas_253,Discharge,17.247073944852662,complete,,,,,,0.0
Chamadas_254,Arrival,17.25369208518051,complete,,0.0,,,,
Chamadas_254,DecideTronco_Perdida,17.25369208518051,complete,,,Perdida,17.25369208518051,,
Chamadas_254,Discharge,17.25369208518051,complete,,,,,,0.0
Chamadas_255,Arrival,17.257162514534414,complete,,0.0,,,,
Chamadas_255,DecideTronco_Perdida,17.257162514534414,complete,,,Perdida,17.257162514534414,,
Chamadas_255,Discharge,17.257162514534414,complete,,,,,,0.0
Chamadas_256,Arrival,17.32800650421249,complete,,0.0,,,,
Chamadas_256,DecideTronco_Perdida,17.32800650421249,complete,,,Perdida,17.32800650421249,,
Chamadas_256,Discharge,17.32800650421249,complete,,,,,,0.0
Chamadas_257,Arrival,17.339295419655848,complete,,0.0,,,,
Chamadas_257,DecideTronco_Perdida,17.339295419655848,complete,,,Perdida,17.339295419655848,,
Chamadas_257,Discharge,17.339295419655848,complete,,,,,,0.0
Chamadas_258,Arrival,17.35178382736755,complete,,0.0,,,,
Chamadas_258,DecideTronco_Perdida,17.35178382736755,complete,,,Perdida,17.35178382736755,,
Chamadas_258,Discharge,17.35178382736755,complete,,,,,,0.0
Chamadas_259,Arrival,17.40991957396151,complete,,0.0,,,,
Chamadas_259,DecideTronco_Atender,17.40991957396151,complete,,,Atender,17.40991957396151,,
Chamadas_259,Atendimento,17.40991957396151,start,Troncos,0.0,,,,
Chamadas_26,Arrival,1.5740961998881697,complete,,0.0,,,,
Chamadas_26,DecideTronco_Perdida,1.5740961998881697,complete,,,Perdida,1.5740961998881697,,
Chamadas_26,Discharge,1.5740961998881697,complete,,,,,,0.0
Chamadas_260,Arrival,17.43474544817811,complete,,0.0,,,,
Chamadas_260,DecideTronco_Perdida,17.43474544817811,complete,,,Perdida,17.43474544817811,,
Chamadas_260,Discharge,17.43474544817811,complete,,,,,,0.0
Chamadas_261,Arrival,17.445088502450805,complete,,0.0,,,,
Chamadas_261,DecideTronco_Perdida,17.445088502450805,complete,,,Perdida,17.445088502450805,,
Chamadas_261,Discharge,17.445088502450805,complete,,,,,,0.0
Chamadas_262,Arrival,17.535928848693626,complete,,0.0,,,,
Chamadas_262,DecideTronco_Perdida,17.535928848693626,complete,,,Perdida,17.535928848693626,,
Chamadas_262,Discharge,17.535928848693626,complete,,,,,,0.0
Chamadas_263,Arrival,17.582912442296838,complete,,0.0,,,,
Chamadas_263,DecideTronco_Perdida,17.582912442296838,complete,,,Perdida,17.582912442296838,,
Chamadas_263,Discharge,17.582912442296838,complete,,,,,,0.0
Chamadas_264,Arrival,17.641954294656014,complete,,0.0,,,,
Chamadas_264,DecideTronco_Atender,17.641954294656014,complete,,,Atender,17.641954294656014,,
Chamadas_264,Atendimento,17.641954294656014,start,Troncos,0.0,,,,
Chamadas_264,Atendimento,18.362888851812652,complete,Troncos,0.0,,,,
Chamadas_264,Discharge,18.362888851812652,complete,,,,,,0.7209345571566388
Chamadas_265,Arrival,17.659586130755716,complete,,0.0,,,,
Chamadas_265,DecideTronco_Perdida,17.659586130755716,complete,,,Perdida,17.659586130755716,,
Chamadas_265,Discharge,17.659586130755716,complete,,,,,,0.0
Chamadas_266,Arrival,17.67259029247396,complete,,0.0,,,,
Chamadas_266,DecideTronco_Perdida,17.67259029247396,complete,,,Perdida,17.67259029247396,,
Chamadas_266,Discharge,17.67259029247396,complete,,,,,,0.0
Chamadas_267,Arrival,17.75721978092204,complete,,0.0,,,,
Chamadas_267,DecideTronco_Perdida,17.75721978092204,complete,,,Perdida,17.75721978092204,,
Chamadas_267,Discharge,17.75721978092204,complete,,,,,,0.0
Chamadas_268,Arrival,17.830820862779415,complete,,0.0,,,,
Chamadas_268,DecideTronco_Perdida,17.830820862779415,complete,,,Perdida,17.830820862779415,,
Chamadas_268,Discharge,17.830820862779415,complete,,,,,,0.0
Chamadas_269,Arrival,17.898507764564933,complete,,0.0,,,,
Chamadas_269,DecideTronco_Atender,17.898507764564933,complete,,,Atender,17.898507764564933,,
Chamadas_269,Atendimento,17.898507764564933,start,Troncos,0.0,,,,
Chamadas_269,Atendimento,19.54804036117446,complete,Troncos,0.0,,,,
Chamadas_269,Discharge,19.54804036117446,complete,,,,,,1.6495325966095287
Chamadas_27,Arrival,1.5943990969725923,complete,,0.0,,,,
Chamadas_27,DecideTronco_Perdida,1.5943990969725923,complete,,,Perdida,1.5943990969725923,,
Chamadas_27,Discharge,1.5943990969725923,complete,,,,,,0.0
Chamadas_270,Arrival,18.25352448687425,complete,,0.0,,,,
Chamadas_270,DecideTronco_Perdida,18.25352448687425,complete,,,Perdida,18.25352448687425,,
Chamadas_270,Discharge,18.25352448687425,complete,,,,,,0.0
Chamadas_271,Arrival,18.27414213964788,complete,,0.0,,,,
Chamadas_271,DecideTronco_Perdida,18.27414213964788,complete,,,Perdida,18.27414213964788,,
Chamadas_271,Discharge,18.27414213964788,complete,,,,,,0.0
Chamadas_272,Arrival,18.33818136092715,complete,,0.0,,,,
Chamadas_272,DecideTronco_Atender,18.33818136092715,complete,,,Atender,18.33818136092715,,
Chamadas_272,Atendimento,18.33818136092715,start,Troncos,0.0,,,,
Chamadas_272,Atendimento,18.485482774021882,complete,Troncos,0.0,,,,
Chamadas_272,Discharge,18.485482774021882,complete,,,,,,0.1473014130947341
Chamadas_273,Arrival,18.3445073310279,complete,,0.0,,,,
Chamadas_273,DecideTronco_Perdida,18.3445073310279,complete,,,Perdida,18.3445073310279,,
Chamadas_273,Discharge,18.3445073310279,complete,,,,,,0.0
Chamadas_274,Arrival,18.38619597665743,complete,,0.0,,,,
Chamadas_274,DecideTronco_Atender,18.38619597665743,complete,,,Atender,18.38619597665743,,
Chamadas_274,Atendimento,18.38619597665743,start,Troncos,0.0,,,,
Chamadas_274,Atendimento,19.199552547784783,complete,Troncos,0.0,,,,
Chamadas_274,Discharge,19.199552547784783,complete,,,,,,0.813356571127354
Chamadas_275,Arrival,18.48152191569162,complete,,0.0,,,,
Chamadas_275,DecideTronco_Perdida,18.48152191569162,complete,,,Perdida,18.48152191569162,,
Chamadas_275,Discharge,18.48152191569162,complete,,,,,,0.0
Chamadas_276,Arrival,18.52030193161976,complete,,0.0,,,,
Chamadas_276,DecideTronco_Atender,18.52030193161976,complete,,,Atender,18.52030193161976,,
Chamadas_276,Atendimento,18.52030193161976,start,Troncos,0.0,,,,
Chamadas_277,Arrival,18.59980924874239,complete,,0.0,,,,
Chamadas_277,DecideTronco_Perdida,18.59980924874239,complete,,,Perdida,18.59980924874239,,
Chamadas_277,Discharge,18.59980924874239,complete,,,,,,0.0
Chamadas_278,Arrival,18.61730155128913,complete,,0.0,,,,
Chamadas_278,DecideTronco_Perdida,18.61730155128913,complete,,,Perdida,18.61730155128913,,
Chamadas_278,Discharge,18.61730155128913,complete,,,,,,0.0
Chamadas_279,Arrival,18.790633129979984,complete,,0.0,,,,
Chamadas_279,DecideTronco_Perdida,18.790633129979984,complete,,,Perdida,18.790633129979984,,
Chamadas_279,Discharge,18.790633129979984,complete,,,,,,0.0
Chamadas_28,Arrival,1.6870363936849402,complete,,0.0,,,,
Chamadas_28,DecideTronco_Atender,1.6870363936849402,complete,,,Atender,1.6870363936849402,,
Chamadas_28,Atendimento,1.6870363936849402,start,Troncos,0.0,,,,
Chamadas_28,Atendimento,4.216733152686474,complete,Troncos,0.0,,,,
Chamadas_28,Discharge,4.216733152686474,complete,,,,,,2.5296967590015336
Chamadas_280,Arrival,18.84754657080095,complete,,0.0,,,,
Chamadas_280,DecideTronco_Perdida,18.84754657080095,complete,,,Perdida,18.84754657080095,,
Chamadas_280,Discharge,18.84754657080095,complete,,,,,,0.0
Chamadas_281,Arrival,18.848162214779414,complete,,0.0,,,,
Chamadas_281,DecideTronco_Perdida,18.848162214779414,complete,,,Perdida,18.848162214779414,,
Chamadas_281,Discharge,18.848162214779414,complete,,,,,,0.0
Chamadas_282,Arrival,18.879409089784634,complete,,0.0,,,,
Chamadas_282,DecideTronco_Perdida,18.879409089784634,complete,,,Perdida,18.879409089784634,,
Chamadas_282,Discharge,18.879409089784634,complete,,,,,,0.0
Chamadas_283,Arrival,18.912078543883528,complete,,0.0,,,,
Chamadas_283,DecideTronco_Perdida,18.912078543883528,complete,,,Perdida,18.912078543883528,,
Chamadas_283,Discharge,18.912078543883528,complete,,,,,,0.0
Chamadas_284,Arrival,18.925262958281074,complete,,0.0,,,,
Chamadas_284,DecideTronco_Perdida,18.925262958281074,complete,,,Perdida,18.925262958281074,,
Chamadas_284,Discharge,18.925262958281074,complete,,,,,,0.0
Chamadas_285,Arrival,18.940724006844356,complete,,0.0,,,,
Chamadas_285,DecideTronco_Perdida,18.940724006844356,complete,,,Perdida,18.940724006844356,,
Chamadas_285,Discharge,18.940724006844356,complete,,,,,,0.0
Chamadas_286,Arrival,18.951061707099353,complete,,0.0,,,,
Chamadas_286,DecideTronco_Perdida,18.951061707099353,complete,,,Perdida,18.951061707099353,,
Chamadas_286,Discharge,18.951061707099353,complete,,,,,,0.0
Chamadas_287,Arrival,19.00405943645624,complete,,0.0,,,,
Chamadas_287,DecideTronco_Perdida,19.00405943645624,complete,,,Perdida,19.00405943645624,,
Chamadas_287,Discharge,19.00405943645624,complete,,,,,,0.0
Chamadas_288,Arrival,19.041336638553148,complete,,0.0,,,,
Chamadas_288,DecideTronco_Perdida,19.041336638553148,complete,,,Perdida,19.041336638553148,,
Chamadas_288,Discharge,19.041336638553148,complete,,,,,,0.0
Chamadas_289,Arrival,19.06126403768665,complete,,0.0,,,,
Chamadas_289,DecideTronco_Perdida,19.06126403768665,complete,,,Perdida,19.06126403768665,,
Chamadas_289,Discharge,19.06126403768665,complete,,,,,,0.0
Chamadas_29,Arrival,1.9201129387400873,complete,,0.0,,,,
Chamadas_29,DecideTronco_Atender,1.9201129387400873,complete,,,Atender,1.9201129387400873,,
Chamadas_29,Atendimento,1.9201129387400873,start,Troncos,0.0,,,,
Chamadas_29,Atendimento,2.0378286341975245,complete,Troncos,0.0,,,,
Chamadas_29,Discharge,2.0378286341975245,complete,,,,,,0.11771569545743721
Chamadas_290,Arrival,19.181752126132757,complete,,0.0,,,,
Chamadas_290,DecideTronco_Perdida,19.181752126132757,complete,,,Perdida,19.181752126132757,,
Chamadas_290,Discharge,19.181752126132757,complete,,,,,,0.0
Chamadas_291,Arrival,19.215308972681168,complete,,0.0,,,,
Chamadas_291,DecideTronco_Atender,19.215308972681168,complete,,,Atender,19.215308972681168,,
Chamadas_291,Atendimento,19.215308972681168,start,Troncos,0.0,,,,
Chamadas_292,Arrival,19.38460351637538,complete,,0.0,,,,
Chamadas_292,DecideTronco_Perdida,19.38460351637538,complete,,,Perdida,19.38460351637538,,
Chamadas_292,Discharge,19.38460351637538,complete,,,,,,0.0
Chamadas_293,Arrival,19.395812963429254,complete,,0.0,,,,
Chamadas_293,DecideTronco_Perdida,19.395812963429254,complete,,,Perdida,19.395812963429254,,
Chamadas_293,Discharge,19.395812963429254,complete,,,,,,0.0
Chamadas_294,Arrival,19.435042302099326,complete,,0.0,,,,
Chamadas_294,DecideTronco_Perdida,19.435042302099326,complete,,,Perdida,19.435042302099326,,
Chamadas_294,Discharge,19.435042302099326,complete,,,,,,0.0
Chamadas_295,Arrival,19.460784710185344,complete,,0.0,,,,
Chamadas_295,DecideTronco_Perdida,19.460784710185344,complete,,,Perdida,19.460784710185344,,
Chamadas_295,Discharge,19.460784710185344,complete,,,,,,0.0
Chamadas_296,Arrival,19.531268210197428,complete,,0.0,,,,
Chamadas_296,DecideTronco_Perdida,19.531268210197428,complete,,,Perdida,19.531268210197428,,
Chamadas_296,Discharge,19.531268210197428,complete,,,,,,0.0
Chamadas_297,Arrival,19.80071455531913,complete,,0.0,,,,
Chamadas_297,DecideTronco_Atender,19.80071455531913,complete,,,Atender,19.80071455531913,,
Chamadas_297,Atendimento,19.80071455531913,start,Troncos,0.0,,,,
Chamadas_298,Arrival,19.874569671859934,complete,,0.0,,,,
Chamadas_298,DecideTronco_Atender,19.874569671859934,complete,,,Atender,19.874569671859934,,
Chamadas_298,Atendimento,19.874569671859934,start,Troncos,0.0,,,,
Chamadas_299,Arrival,19.908770512856798,complete,,0.0,,,,
Chamadas_299,DecideTronco_Atender,19.908770512856798,complete,,,Atender,19.908770512856798,,
Chamadas_299,Atendimento,19.908770512856798,start,Troncos,0.0,,,,
Chamadas_3,Arrival,0.2853039433670954,complete,,0.0,,,,
Chamadas_3,DecideTronco_Atender,0.2853039433670954,complete,,,Atender,0.2853039433670954,,
Chamadas_3,Atendimento,0.2853039433670954,start,Troncos,0.0,,,,
Chamadas_3,Atendimento,0.4301807475258711,complete,Troncos,0.0,,,,
Chamadas_3,Discharge,0.4301807475258711,complete,,,,,,0.14487680415877568
Chamadas_30,Arrival,1.937968382218624,complete,,0.0,,,,
Chamadas_30,DecideTronco_Perdida,1.937968382218624,complete,,,Perdida,1.937968382218624,,
Chamadas_30,Discharge,1.937968382218624,complete,,,,,,0.0
Chamadas_31,Arrival,1.986718812291143,complete,,0.0,,,,
Chamadas_31,DecideTronco_Perdida,1.986718812291143,complete,,,Perdida,1.986718812291143,,
Chamadas_31,Discharge,1.986718812291143,complete,,,,,,0.0
Chamadas_32,Arrival,1.9972512879951456,complete,,0.0,,,,
Chamadas_32,DecideTronco_Perdida,1.9972512879951456,complete,,,Perdida,1.9972512879951456,,
Chamadas_32,Discharge,1.9972512879951456,complete,,,,,,0.0
Chamadas_33,Arrival,2.1622403449152725,complete,,0.0,,,,
Chamadas_33,DecideTronco_Atender,2.1622403449152725,complete,,,Atender,2.1622403449152725,,
Chamadas_33,Atendimento,2.1622403449152725,start,Troncos,0.0,,,,
Chamadas_33,Atendimento,5.404013194679888,complete,Troncos,0.0,,,,
Chamadas_33,Discharge,5.404013194679888,complete,,,,,,3.2417728497646157
Chamadas_34,Arrival,2.407978082522301,complete,,0.0,,,,
Chamadas_34,DecideTronco_Atender,2.407978082522301,complete,,,Atender,2.407978082522301,,
Chamadas_34,Atendimento,2.407978082522301,start,Troncos,0.0,,,,
Chamadas_34,Atendimento,3.1322312917450237,complete,Troncos,0.0,,,,
Chamadas_34,Discharge,3.1322312917450237,complete,,,,,,0.7242532092227227
Chamadas_35,Arrival,2.4978251874859936,complete,,0.0,,,,
Chamadas_35,DecideTronco_Atender,2.4978251874859936,complete,,,Atender,2.4978251874859936,,
Chamadas_35,Atendimento,2.4978251874859936,start,Troncos,0.0,,,,
Chamadas_35,Atendimento,6.599839198211261,complete,Troncos,0.0,,,,
Chamadas_35,Discharge,6.599839198211261,complete,,,,,,4.102014010725267
Chamadas_36,Arrival,2.60222141749231,complete,,0.0,,,,
Chamadas_36,DecideTronco_Atender,2.60222141749231,complete,,,Atender,2.60222141749231,,
Chamadas_36,Atendimento,2.60222141749231,start,Troncos,0.0,,,,
Chamadas_36,Atendimento,4.179150198974948,complete,Troncos,0.0,,,,
Chamadas_36,Discharge,4.179150198974948,complete,,,,,,1.5769287814826383
Chamadas_37,Arrival,2.6504232483786705,complete,,0.0,,,,
Chamadas_37,DecideTronco_Perdida,2.6504232483786705,complete,,,Perdida,2.6504232483786705,,
Chamadas_37,Discharge,2.6504232483786705,complete,,,,,,0.0
Chamadas_38,Arrival,2.681119934071679,complete,,0.0,,,,
Chamadas_38,DecideTronco_Perdida,2.681119934071679,complete,,,Perdida,2.681119934071679,,
Chamadas_38,Discharge,2.681119934071679,complete,,,,,,0.0
Chamadas_39,Arrival,2.7088291308883865,complete,,0.0,,,,
Chamadas_39,DecideTronco_Perdida,2.7088291308883865,complete,,,Perdida,2.7088291308883865,,
Chamadas_39,Discharge,2.7088291308883865,complete,,,,,,0.0
Chamadas_4,Arrival,0.3235166195336541,complete,,0.0,,,,
Chamadas_4,DecideTronco_Atender,0.3235166195336541,complete,,,Atender,0.3235166195336541,,
Chamadas_4,Atendimento,0.3235166195336541,start,Troncos,0.0,,,,
Chamadas_4,Atendimento,0.5182231856044353,complete,Troncos,0.0,,,,
Chamadas_4,Discharge,0.5182231856044353,complete,,,,,,0.19470656607078113
Chamadas_40,Arrival,2.755884480574808,complete,,0.0,,,,
Chamadas_40,DecideTronco_Perdida,2.755884480574808,complete,,,Perdida,2.755884480574808,,
Chamadas_40,Discharge,2.755884480574808,complete,,,,,,0.0
Chamadas_41,Arrival,2.781797307233876,complete,,0.0,,,,
Chamadas_41,DecideTronco_Perdida,2.781797307233876,complete,,,Perdida,2.781797307233876,,
Chamadas_41,Discharge,2.781797307233876,complete,,,,,,0.0
Chamadas_42,Arrival,2.967454878569547,complete,,0.0,,,,
Chamadas_42,DecideTronco_Perdida,2.967454878569547,complete,,,Perdida,2.967454878569547,,
Chamadas_42,Discharge,2.967454878569547,complete,,,,,,0.0
Chamadas_43,Arrival,2.982089459576996,complete,,0.0,,,,
Chamadas_43,DecideTronco_Perdida,2.982089459576996,complete,,,Perdida,2.982089459576996,,
Chamadas_43,Discharge,2.982089459576996,complete,,,,,,0.0
Chamadas_44,Arrival,3.338941222032039,complete,,0.0,,,,
Chamadas_44,DecideTronco_Atender,3.338941222032039,complete,,,Atender,3.338941222032039,,
Chamadas_44,Atendimento,3.338941222032039,start,Troncos,0.0,,,,
Chamadas_44,Atendimento,6.650108400127024,complete,Troncos,0.0,,,,
Chamadas_44,Discharge,6.650108400127024,complete,,,,,,3.311167178094985
Chamadas_45,Arrival,3.366757932292557,complete,,0.0,,,,
Chamadas_45,DecideTronco_Atender,3.366757932292557,complete,,,Atender,3.366757932292557,,
Chamadas_45,Atendimento,3.366757932292557,start,Troncos,0.0,,,,
Chamadas_45,Atendimento,5.989579463231307,complete,Troncos,0.0,,,,
Chamadas_45,Discharge,5.989579463231307,complete,,,,,,2.6228215309387495
Chamadas_46,Arrival,3.4176888199044506,complete,,0.0,,,,
Chamadas_46,DecideTronco_Perdida,3.4176888199044506,complete,,,Perdida,3.4176888199044506,,
Chamadas_46,Discharge,3.4176888199044506,complete,,,,,,0.0
Chamadas_47,Arrival,3.5177141022073735,complete,,0.0,,,,
Chamadas_47,DecideTronco_Perdida,3.5177141022073735,complete,,,Perdida,3.5177141022073735,,
Chamadas_47,Discharge,3.5177141022073735,complete,,,,,,0.0
Chamadas_48,Arrival,3.6369425884354754,complete,,0.0,,,,
Chamadas_48,DecideTronco_Perdida,3.6369425884354754,complete,,,Perdida,3.6369425884354754,,
Chamadas_48,Discharge,3.6369425884354754,complete,,,,,,0.0
Chamadas_49,Arrival,3.6813269499488737,complete,,0.0,,,,
Chamadas_49,DecideTronco_Perdida,3.6813269499488737,complete,,,Perdida,3.6813269499488737,,
Chamadas_49,Discharge,3.6813269499488737,complete,,,,,,0.0
Chamadas_5,Arrival,0.3487837328632771,complete,,0.0,,,,
Chamadas_5,DecideTronco_Atender,0.3487837328632771,complete,,,Atender,0.3487837328632771,,
Chamadas_5,Atendimento,0.3487837328632771,start,Troncos,0.0,,,,
Chamadas_5,Atendimento,5.190407519094125,complete,Troncos,0.0,,,,
Chamadas_5,Discharge,5.190407519094125,complete,,,,,,4.841623786230848
Chamadas_50,Arrival,3.6982466718035165,complete,,0.0,,,,
Chamadas_50,DecideTronco_Perdida,3.6982466718035165,complete,,,Perdida,3.6982466718035165,,
Chamadas_50,Discharge,3.6982466718035165,complete,,,,,,0.0
Chamadas_51,Arrival,3.707233102120899,complete,,0.0,,,,
Chamadas_51,DecideTronco_Perdida,3.707233102120899,complete,,,Perdida,3.707233102120899,,
Chamadas_51,Discharge,3.707233102120899,complete,,,,,,0.0
Chamadas_52,Arrival,3.859594158286942,complete,,0.0,,,,
Chamadas_52,DecideTronco_Perdida,3.859594158286942,complete,,,Perdida,3.859594158286942,,
Chamadas_52,Discharge,3.859594158286942,complete,,,,,,0.0
Chamadas_53,Arrival,3.922224247890584,complete,,0.0,,,,
Chamadas_53,DecideTronco_Perdida,3.922224247890584,complete,,,Perdida,3.922224247890584,,
Chamadas_53,Discharge,3.922224247890584,complete,,,,,,0.0
Chamadas_54,Arrival,4.001558334653957,complete,,0.0,,,,
Chamadas_54,DecideTronco_Perdida,4.001558334653957,complete,,,Perdida,4.001558334653957,,
Chamadas_54,Discharge,4.001558334653957,complete,,,,,,0.0
Chamadas_55,Arrival,4.005149010274699,complete,,0.0,,,,
Chamadas_55,DecideTronco_Perdida,4.005149010274699,complete,,,Perdida,4.005149010274699,,
Chamadas_55,Discharge,4.005149010274699,complete,,,,,,0.0
Chamadas_56,Arrival,4.0350935387819575,complete,,0.0,,,,
Chamadas_56,DecideTronco_Perdida,4.0350935387819575,complete,,,Perdida,4.0350935387819575,,
Chamadas_56,Discharge,4.0350935387819575,complete,,,,,,0.0
Chamadas_57,Arrival,4.071496289570263,complete,,0.0,,,,
Chamadas_57,DecideTronco_Perdida,4.071496289570263,complete,,,Perdida,4.071496289570263,,
Chamadas_57,Discharge,4.071496289570263,complete,,,,,,0.0
Chamadas_58,Arrival,4.169557628235672,complete,,0.0,,,,
Chamadas_58,DecideTronco_Perdida,4.169557628235672,complete,,,Perdida,4.169557628235672,,
Chamadas_58,Discharge,4.169557628235672,complete,,,,,,0.0
Chamadas_59,Arrival,4.262975071693686,complete,,0.0,,,,
Chamadas_59,DecideTronco_Atender,4.262975071693686,complete,,,Atender,4.262975071693686,,
Chamadas_59,Atendimento,4.262975071693686,start,Troncos,0.0,,,,
Chamadas_59,Atendimento,5.900534063066769,complete,Troncos,0.0,,,,
Chamadas_59,Discharge,5.900534063066769,complete,,,,,,1.6375589913730835
Chamadas_6,Arrival,0.3590074154040551,complete,,0.0,,,,
Chamadas_6,DecideTronco_Atender,0.3590074154040551,complete,,,Atender,0.3590074154040551,,
Chamadas_6,Atendimento,0.3590074154040551,start,Troncos,0.0,,,,
Chamadas_6,Atendimento,3.2879062632636438,complete,Troncos,0.0,,,,
Chamadas_6,Discharge,3.2879062632636438,complete,,,,,,2.9288988478595885
Chamadas_60,Arrival,4.309248220164714,complete,,0.0,,,,
Chamadas_60,DecideTronco_Atender,4.309248220164714,complete,,,Atender,4.309248220164714,,
Chamadas_60,Atendimento,4.309248220164714,start,Troncos,0.0,,,,
Chamadas_60,Atendimento,4.926150255682398,complete,Troncos,0.0,,,,
Chamadas_60,Discharge,4.926150255682398,complete,,,,,,0.6169020355176835
Chamadas_61,Arrival,4.339893857473104,complete,,0.0,,,,
Chamadas_61,DecideTronco_Perdida,4.339893857473104,complete,,,Perdida,4.339893857473104,,
Chamadas_61,Discharge,4.339893857473104,complete,,,,,,0.0
Chamadas_62,Arrival,4.45414067673528,complete,,0.0,,,,
Chamadas_62,DecideTronco_Perdida,4.45414067673528,complete,,,Perdida,4.45414067673528,,
Chamadas_62,Discharge,4.45414067673528,complete,,,,,,0.0
Chamadas_63,Arrival,4.646564594310573,complete,,0.0,,,,
Chamadas_63,DecideTronco_Perdida,4.646564594310573,complete,,,Perdida,4.646564594310573,,
Chamadas_63,Discharge,4.646564594310573,complete,,,,,,0.0
Chamadas_64,Arrival,4.6793450269806645,complete,,0.0,,,,
Chamadas_64,DecideTronco_Perdida,4.6793450269806645,complete,,,Perdida,4.6793450269806645,,
Chamadas_64,Discharge,4.6793450269806645,complete,,,,,,0.0
Chamadas_65,Arrival,4.73615929429202,complete,,0.0,,,,
Chamadas_65,DecideTronco_Perdida,4.73615929429202,complete,,,Perdida,4.73615929429202,,
Chamadas_65,Discharge,4.73615929429202,complete,,,,,,0.0
Chamadas_66,Arrival,4.762332030122217,complete,,0.0,,,,
Chamadas_66,DecideTronco_Perdida,4.762332030122217,complete,,,Perdida,4.762332030122217,,
Chamadas_66,Discharge,4.762332030122217,complete,,,,,,0.0
Chamadas_67,Arrival,4.782940665229408,complete,,0.0,,,,
Chamadas_67,DecideTronco_Perdida,4.782940665229408,complete,,,Perdida,4.782940665229408,,
Chamadas_67,Discharge,4.782940665229408,complete,,,,,,0.0
Chamadas_68,Arrival,4.839441585067596,complete,,0.0,,,,
Chamadas_68,DecideTronco_Perdida,4.839441585067596,complete,,,Perdida,4.839441585067596,,
Chamadas_68,Discharge,4.839441585067596,complete,,,,,,0.0
Chamadas_69,Arrival,4.917621229862153,complete,,0.0,,,,
Chamadas_69,DecideTronco_Perdida,4.917621229862153,complete,,,Perdida,4.917621229862153,,
Chamadas_69,Discharge,4.917621229862153,complete,,,,,,0.0
Chamadas_7,Arrival,0.41580257719743596,complete,,0.0,,,,
Chamadas_7,DecideTronco_Atender,0.41580257719743596,complete,,,Atender,0.41580257719743596,,
Chamadas_7,Atendimento,0.41580257719743596,start,Troncos,0.0,,,,
Chamadas_7,Atendimento,2.293399490067369,complete,Troncos,0.0,,,,
Chamadas_7,Discharge,2.293399490067369,complete,,,,,,1.877596912869933
Chamadas_70,Arrival,5.074872300361197,complete,,0.0,,,,
Chamadas_70,DecideTronco_Atender,5.074872300361197,complete,,,Atender,5.074872300361197,,
Chamadas_70,Atendimento,5.074872300361197,start,Troncos,0.0,,,,
Chamadas_70,Atendimento,6.372450731025209,complete,Troncos,0.0,,,,
Chamadas_70,Discharge,6.372450731025209,complete,,,,,,1.2975784306640117
Chamadas_71,Arrival,5.076213176608088,complete,,0.0,,,,
Chamadas_71,DecideTronco_Perdida,5.076213176608088,complete,,,Perdida,5.076213176608088,,
Chamadas_71,Discharge,5.076213176608088,complete,,,,,,0.0
Chamadas_72,Arrival,5.07912659051467,complete,,0.0,,,,
Chamadas_72,DecideTronco_Perdida,5.07912659051467,complete,,,Perdida,5.07912659051467,,
Chamadas_72,Discharge,5.07912659051467,complete,,,,,,0.0
Chamadas_73,Arrival,5.089301849788059,complete,,0.0,,,,
Chamadas_73,DecideTronco_Perdida,5.089301849788059,complete,,,Perdida,5.089301849788059,,
Chamadas_73,Discharge,5.089301849788059,complete,,,,,,0.0
Chamadas_74,Arrival,5.237388908591606,complete,,0.0,,,,
Chamadas_74,DecideTronco_Atender,5.237388908591606,complete,,,Atender,5.237388908591606,,
Chamadas_74,Atendimento,5.237388908591606,start,Troncos,0.0,,,,
Chamadas_74,Atendimento,5.918739700718868,complete,Troncos,0.0,,,,
Chamadas_74,Discharge,5.918739700718868,complete,,,,,,0.6813507921272626
Chamadas_75,Arrival,5.390616845392972,complete,,0.0,,,,
Chamadas_75,DecideTronco_Perdida,5.390616845392972,complete,,,Perdida,5.390616845392972,,
Chamadas_75,Discharge,5.390616845392972,complete,,,,,,0.0
Chamadas_76,Arrival,5.448466857879099,complete,,0.0,,,,
Chamadas_76,DecideTronco_Atender,5.448466857879099,complete,,,Atender,5.448466857879099,,
Chamadas_76,Atendimento,5.448466857879099,start,Troncos,0.0,,,,
Chamadas_76,Atendimento,5.816361513259602,complete,Troncos,0.0,,,,
Chamadas_76,Discharge,5.816361513259602,complete,,,,,,0.3678946553805025
Chamadas_77,Arrival,5.526114712841206,complete,,0.0,,,,
Chamadas_77,DecideTronco_Perdida,5.526114712841206,complete,,,Perdida,5.526114712841206,,
Chamadas_77,Discharge,5.526114712841206,complete,,,,,,0.0
Chamadas_78,Arrival,5.56197813999571,complete,,0.0,,,,
Chamadas_78,DecideTronco_Perdida,5.56197813999571,complete,,,Perdida,5.56197813999571,,
Chamadas_78,Discharge,5.56197813999571,complete,,,,,,0.0
Chamadas_79,Arrival,5.624251116937306,complete,,0.0,,,,
Chamadas_79,DecideTronco_Perdida,5.624251116937306,complete,,,Perdida,5.624251116937306,,
Chamadas_79,Discharge,5.624251116937306,complete,,,,,,0.0
Chamadas_8,Arrival,0.4438542402038995,complete,,0.0,,,,
Chamadas_8,DecideTronco_Atender,0.4438542402038995,complete,,,Atender,0.4438542402038995,,
Chamadas_8,Atendimento,0.4438542402038995,start,Troncos,0.0,,,,
Chamadas_8,Atendimento,1.8818188802178208,complete,Troncos,0.0,,,,
Chamadas_8,Discharge,1.8818188802178208,complete,,,,,,1.4379646400139214
Chamadas_80,Arrival,5.6362542896895125,complete,,0.0,,,,
Chamadas_80,DecideTronco_Perdida,5.6362542896895125,complete,,,Perdida,5.6362542896895125,,
Chamadas_80,Discharge,5.6362542896895125,complete,,,,,,0.0
Chamadas_81,Arrival,5.685851690173987,complete,,0.0,,,,
Chamadas_81,DecideTronco_Perdida,5.685851690173987,complete,,,Perdida,5.685851690173987,,
Chamadas_81,Discharge,5.685851690173987,complete,,,,,,0.0
Chamadas_82,Arrival,5.860241255929324,complete,,0.0,,,,
Chamadas_82,DecideTronco_Atender,5.860241255929324,complete,,,Atender,5.860241255929324,,
Chamadas_82,Atendimento,5.860241255929324,start,Troncos,0.0,,,,
Chamadas_82,Atendimento,7.029588982391729,complete,Troncos,0.0,,,,
Chamadas_82,Discharge,7.029588982391729,complete,,,,,,1.169347726462405
Chamadas_83,Arrival,5.902239171284337,complete,,0.0,,,,
Chamadas_83,DecideTronco_Atender,5.902239171284337,complete,,,Atender,5.902239171284337,,
Chamadas_83,Atendimento,5.902239171284337,start,Troncos,0.0,,,,
Chamadas_83,Atendimento,11.508904404308442,complete,Troncos,0.0,,,,
Chamadas_83,Discharge,11.508904404308442,complete,,,,,,5.606665233024105
Chamadas_84,Arrival,5.916724790029632,complete,,0.0,,,,
Chamadas_84,DecideTronco_Perdida,5.916724790029632,complete,,,Perdida,5.916724790029632,,
Chamadas_84,Discharge,5.916724790029632,complete,,,,,,0.0
Chamadas_85,Arrival,5.951496217775954,complete,,0.0,,,,
Chamadas_85,DecideTronco_Atender,5.951496217775954,complete,,,Atender,5.951496217775954,,
Chamadas_85,Atendimento,5.951496217775954,start,Troncos,0.0,,,,
Chamadas_85,Atendimento,7.310848112144884,complete,Troncos,0.0,,,,
Chamadas_85,Discharge,7.310848112144884,complete,,,,,,1.3593518943689293
Chamadas_86,Arrival,6.047110154493486,complete,,0.0,,,,
Chamadas_86,DecideTronco_Atender,6.047110154493486,complete,,,Atender,6.047110154493486,,
Chamadas_86,Atendimento,6.047110154493486,start,Troncos,0.0,,,,
Chamadas_86,Atendimento,6.199662935985224,complete,Troncos,0.0,,,,
Chamadas_86,Discharge,6.199662935985224,complete,,,,,,0.152552781491738
Chamadas_87,Arrival,6.065521089867845,complete,,0.0,,,,
Chamadas_87,DecideTronco_Perdida,6.065521089867845,complete,,,Perdida,6.065521089867845,,
Chamadas_87,Discharge,6.065521089867845,complete,,,,,,0.0
Chamadas_88,Arrival,6.24013373564058,complete,,0.0,,,,
Chamadas_88,DecideTronco_Atender,6.24013373564058,complete,,,Atender,6.24013373564058,,
Chamadas_88,Atendimento,6.24013373564058,start,Troncos,0.0,,,,
Chamadas_88,Atendimento,10.466232921606682,complete,Troncos,0.0,,,,
Chamadas_88,Discharge,10.466232921606682,complete,,,,,,4.226099185966103
Chamadas_89,Arrival,6.242983220620257,complete,,0.0,,,,
Chamadas_89,DecideTronco_Perdida,6.242983220620257,complete,,,Perdida,6.242983220620257,,
Chamadas_89,Discharge,6.242983220620257,complete,,,,,,0.0
Chamadas_9,Arrival,0.46910228542714594,complete,,0.0,,,,
Chamadas_9,DecideTronco_Perdida,0.46910228542714594,complete,,,Perdida,0.46910228542714594,,
Chamadas_9,Discharge,0.46910228542714594,complete,,,,,,0.0
Chamadas_90,Arrival,6.281123565663152,complete,,0.0,,,,
Chamadas_90,DecideTronco_Perdida,6.281123565663152,complete,,,Perdida,6.281123565663152,,
Chamadas_90,Discharge,6.281123565663152,complete,,,,,,0.0
Chamadas_91,Arrival,6.294837326061666,complete,,0.0,,,,
Chamadas_91,DecideTronco_Perdida,6.294837326061666,complete,,,Perdida,6.294837326061666,,
Chamadas_91,Discharge,6.294837326061666,complete,,,,,,0.0
Chamadas_92,Arrival,6.368940333539278,complete,,0.0,,,,
Chamadas_92,DecideTronco_Perdida,6.368940333539278,complete,,,Perdida,6.368940333539278,,
Chamadas_92,Discharge,6.368940333539278,complete,,,,,,0.0
Chamadas_93,Arrival,6.384825086099452,complete,,0.0,,,,
Chamadas_93,DecideTronco_Atender,6.384825086099452,complete,,,Atender,6.384825086099452,,
Chamadas_93,Atendimento,6.384825086099452,start,Troncos,0.0,,,,
Chamadas_93,Atendimento,7.525280107394022,complete,Troncos,0.0,,,,
Chamadas_93,Discharge,7.525280107394022,complete,,,,,,1.1404550212945699
Chamadas_94,Arrival,6.401812223631146,complete,,0.0,,,,
Chamadas_94,DecideTronco_Perdida,6.401812223631146,complete,,,Perdida,6.401812223631146,,
Chamadas_94,Discharge,6.401812223631146,complete,,,,,,0.0
Chamadas_95,Arrival,6.456617856911222,complete,,0.0,,,,
Chamadas_95,DecideTronco_Perdida,6.456617856911222,complete,,,Perdida,6.456617856911222,,
Chamadas_95,Discharge,6.456617856911222,complete,,,,,,0.0
Chamadas_96,Arrival,6.730938034046053,complete,,0.0,,,,
Chamadas_96,DecideTronco_Atender,6.730938034046053,complete,,,Atender,6.730938034046053,,
Chamadas_96,Atendimento,6.730938034046053,start,Troncos,0.0,,,,
Chamadas_96,Atendimento,8.335970410297847,complete,Troncos,0.0,,,,
Chamadas_96,Discharge,8.335970410297847,complete,,,,,,1.6050323762517937
Chamadas_97,Arrival,6.739914743759843,complete,,0.0,,,,
Chamadas_97,DecideTronco_Atender,6.739914743759843,complete,,,Atender,6.739914743759843,,
Chamadas_97,Atendimento,6.739914743759843,start,Troncos,0.0,,,,
Chamadas_97,Atendimento,7.2199180717684825,complete,Troncos,0.0,,,,
Chamadas_97,Discharge,7.2199180717684825,complete,,,,,,0.48000332800863976
Chamadas_98,Arrival,6.741086485545534,complete,,0.0,,,,
Chamadas_98,DecideTronco_Perdida,6.741086485545534,complete,,,Perdida,6.741086485545534,,
Chamadas_98,Discharge,6.741086485545534,complete,,,,,,0.0
Chamadas_99,Arrival,6.924991158183014,complete,,0.0,,,,
Chamadas_99,DecideTronco_Perdida,6.924991158183014,complete,,,Perdida,6.924991158183014,,
Chamadas_99,Discharge,6.924991158183014,complete,,,,,,0.0
